Item Code,Category ,Service Name,Price (MVR),Aasandha Price (MVR),Patient Price (MVR),Difference,,,,
NUL0001,Diagnostic & Radiology,Sialography,1200,,1200,0,,,,
NUL0002,Diagnostic & Radiology,"Temporomandibular joint arthrogram, including injection",1200,,1200,0,,,,
NUL0003,Diagnostic & Radiology,Other temporomandibular joint radiographic images,300,,300,0,,,,
NUL0004,Diagnostic & Radiology,Tomographic survey,800,,800,0,,,,
NUL0005,Diagnostic & Radiology,"Cephalometric radiographic image - acquisition, measurement and analysis",500,,500,0,,,,
NUL0006,Diagnostic & Radiology,2D oral/facial photographic image obtained intra-orally or extra-orally,20,,20,0,,,,
NUL0007,Diagnostic & Radiology,3D photographic image,800,,800,0,,,,
NUL0008,Diagnostic & Radiology,Interpretation of diagnostic image including report,500,,500,0,,,,
NUL0009,Diagnostic & Radiology,Treatment simulation using 3D image volume,500,,500,0,,,,
NUL0010,Diagnostic & Radiology,Digital subtraction of two or more images or image volumes of the same modality,1000,,1000,0,,,,
NUL0011,Diagnostic & Radiology,Fusion of two or more 3D image volumes of one or more modalities,1000,,1000,0,,,,
NUL0012,Endodontics,Pulp vitality tests,200,,200,0,,,,
NUL0013,Endodontics,Apex location,200,,200,0,,,,
NUL0014,Prosthodontics,Diagnostic casts,200,,200,0,,,,
NUL0015,Periodontics,Prophylaxis Mild - adult,600,,600,0,,,,
NUL0016,Periodontics,Prophylaxis Medium - adult,800,,800,0,,,,
NUL0017,Periodontics,Prophylaxis Hard - adult,1200,,1200,0,,,,
NUL0018,Periodontics,Prophylaxis Extra Hard - adult,1500,,1500,0,,,,
NUL0019,Pediatric Dentistry,Prophylaxis Mild - child,300,,300,0,,,,
NUL0020,Pediatric Dentistry,Prophylaxis Medium - child,600,,600,0,,,,
NUL0021,Pediatric Dentistry,Prophylaxis Hard - child,700,,700,0,,,,
NUL0022,Periodontics,Polishing,100,,100,0,,,,
NUL0023,Pediatric Dentistry,Topical application of fluoride varnish - per tooth,50,,50,0,,,,
NUL0024,Pediatric Dentistry,Topical application of fluoride gel - per arch,200,,200,0,,,,
NUL0025,Pediatric Dentistry,Interim caries arresting medicament application - per tooth,50,,50,0,,,,
NUL1025,Orthodontics,otrthodontic wax,150,,150,0,,,,
NUL0026,Orthodontics,Space maintainer - fixed (with post),2000,,2000,0,,,,
NUL0028,Orthodontics,Space maintainer - removable - unilateral,1500,,1500,0,,,,
NUL0029,Orthodontics,Space maintainer - removable - bilateral,1200,,1200,0,,,,
NUL0030,Orthodontics,Re-cement or re-bond space maintainer,200,,200,0,,,,
NUL0031,Orthodontics,Removal of fixed space maintainer,200,,200,0,,,,
NUL0032,Orthodontics,Distal shoe space maintainer - fixed - unilateral,300,,300,0,,,,
NUL0033,Restorative Dentistry,Inlay - metallic - one surface,900,,900,0,,,,
NUL0034,Restorative Dentistry,Inlay - metallic - two surfaces,1300,,1300,0,,,,
NUL0035,Restorative Dentistry,Inlay - metallic - three or more surfaces,1700,,1700,0,,,,
NUL0036,Restorative Dentistry,Onlay - metallic - two surfaces,1500,,1500,0,,,,
NUL0037,Restorative Dentistry,Onlay - metallic - three surfaces,1900,,1900,0,,,,
NUL0038,Restorative Dentistry,Onlay - metallic - four or more surfaces,2200,,2200,0,,,,
NUL0039,Restorative Dentistry,Inlay - porcelain/ceramic - one surface,1200,,1200,0,,,,
NUL0040,Restorative Dentistry,Inlay - porcelain/ceramic - two surfaces,1600,,1600,0,,,,
NUL0041,Restorative Dentistry,Inlay - porcelain/ceramic - three or more surfaces,2000,,2000,0,,,,
NUL0042,Restorative Dentistry,Onlay - porcelain/ceramic - two surfaces,1800,,1800,0,,,,
NUL0043,Restorative Dentistry,Onlay - porcelain/ceramic - three surfaces,2200,,2200,0,,,,
NUL0044,Restorative Dentistry,Onlay - porcelain/ceramic - four or more surfaces,2500,,2500,0,,,,
NUL0045,Restorative Dentistry,Inlay - resin-based composite - one surface,900,,900,0,,,,
NUL0046,Restorative Dentistry,Inlay - resin-based composite - two surfaces,1300,,1300,0,,,,
NUL0047,Restorative Dentistry,Inlay - resin-based composite - three or more surfaces,1700,,1700,0,,,,
NUL0048,Restorative Dentistry,Onlay - resin-based composite - two surfaces,1500,,1500,0,,,,
NUL0049,Restorative Dentistry,Onlay - resin-based composite - three surfaces,1900,,1900,0,,,,
NUL0050,Restorative Dentistry,Onlay - resin-based composite - four or more surfaces,2200,,2200,0,,,,
NUL0051,Prosthodontics,Crown - Temporary,400,,400,0,,,,
NUL0052,Prosthodontics,Crown - Full Ceramic simple,3000,,3000,0,,,,
NUL0053,Prosthodontics,Crown - Full Ceramic advanced,3500,,3500,0,,,,
NUL0054,Prosthodontics,Crown - PFM,2500,,2500,0,,,,
NUL0055,Prosthodontics,Crown - Metallic simple,1500,,1500,0,,,,
NUL0056,Prosthodontics,Crown - Metallic advanced,1000,,1000,0,,,,
NUL0057,Prosthodontics,Crown - zirconia simple,5000,,5000,0,,,,
NUL0058,Prosthodontics,Crown - zirconia advanced,6000,,6000,0,,,,
NUL0059,Prosthodontics,Crown - titanium,2500,,2500,0,,,,
NUL0060,Prosthodontics,Crown/Bridge delivery within 24 hours charge,1500,,1500,0,,,,
NUL006,Prosthodontics,Crown-Bridge pontic unit - Temporary,300,,300,0,,,,
NUL0062,Prosthodontics,Crown-Bridge pontic unit - Full Ceramic simple,2500,,2500,0,,,,
NUL0063,Prosthodontics,Crown-Bridge pontic unit - Full Ceramic advanced,3000,,3000,0,,,,
NUL0064,Prosthodontics,Crown-Bridge pontic unit - PFM,2000,,2000,0,,,,
NUL0065,Prosthodontics,Crown-Bridge ponticunit - Metallic simple,1000,,1000,0,,,,
NUL0066,Prosthodontics,Crown-Bridge pontic unit - Metallic advanced,500,,500,0,,,,
NUL0067,Prosthodontics,Crown-Bridge pontic unit - zirconia simple,4500,,4500,0,,,,
NUL0068,Prosthodontics,Crown-Bridge pontic unit - zirconia advanced,5000,,5000,0,,,,
NUL0069,Prosthodontics,Crown-Bridge pontic unit - titanium,2000,,2000,0,,,,
NUL0070,Restorative Dentistry,Resin infiltration of incipient smooth surface lesions,1000,,1000,0,,,,
NUL0071,Restorative Dentistry,Resin infiltration of incipient proximal smooth surface lesions,700,,700,0,,,,
NUL0072,Restorative Dentistry,"Re-cement or re-bond inlay, onlay, veneer or partial coverage restoration",300,,300,0,,,,
NUL0073,Restorative Dentistry,Re-cement or re-bond indirectly fabricated or prefabricated post and core,500,,500,0,,,,
NUL0074,Restorative Dentistry,Re-cement or re-bond crown,300,,300,0,,,,
NUL0075,Restorative Dentistry,"Reattachment of tooth fragment, incisal edge or cusp",400,,400,0,,,,
NUL0076,Prosthodontics,Prefabricated porcelain/ceramic crown – primary tooth,1000,,1000,0,,,,
NUL0077,Prosthodontics,Prefabricated stainless steel crown - primary tooth,1000,,1000,0,,,,
NUL0078,Prosthodontics,Prefabricated stainless steel crown - permanent tooth,1000,,1000,0,,,,
NUL0079,Restorative Dentistry,Restorative foundation for an indirect restoration,400,,400,0,,,,
NUL0080,Restorative Dentistry,"Core buildup, including any pins when required",800,,800,0,,,,
NUL0081,Restorative Dentistry,Post Placement (including post),900,,900,0,,,,
NUL0082,Cosmetic Dentistry,Labial veneer (resin laminate) - chairside,1500,,1500,0,,,,
NUL0083,Cosmetic Dentistry,Labial veneer (resin laminate) - laboratory,5000,,5000,0,,,,
NUL0084,Cosmetic Dentistry,Labial veneer (porcelain laminate) - laboratory,5000,,5000,0,,,,
NUL0085,Restorative Dentistry,Coping,800,,800,0,,,,
NUL0086,Prosthodontics,Crown repair necessitated by restorative material failure,600,,600,0,,,,
NUL0087,Restorative Dentistry,Inlay repair necessitated by restorative material failure,600,,600,0,,,,
NUL0088,Restorative Dentistry,Onlay repair necessitated by restorative material failure,600,,600,0,,,,
NUL0089,Restorative Dentistry,Veneer repair necessitated by restorative material failure,600,,600,0,,,,
NUL0090,Restorative Dentistry,Pulp cap - direct (excluding final restoration),500,,500,0,,,,
NUL0091,Restorative Dentistry,Pulp cap - indirect (excluding final restoration),200,,200,0,,,,
NUL0092,Endodontics,"Pulpal debridement, primary and permanent teeth",400,,400,0,,,,
NUL0093,Endodontics,Partial pulpotomy for apexogenesis - permanent tooth with incomplete root development,400,,400,0,,,,
NUL0094,Endodontics,Treatment of root canal obstruction; non-surgical access,400,,400,0,,,,
NUL0095,Endodontics,"Incomplete endodontic therapy; inoperable, unrestorable or fractured tooth",600,,600,0,,,,
NUL0096,Endodontics,Internal root repair of perforation defects,800,,800,0,,,,
NUL0097,Endodontics,Root Canal Treatment:Exploration And/Or Negotiation Of A Calcified Canal,400,,400,0,,,,
NUL0098,Endodontics,Rotary instrument use,300,,300,0,,,,
NUL0099,Endodontics,"Apexification/recalcification – initial visit (apical closure/calcific repair of perforations, root resorption,",400,,400,0,,,,
NUL0100,Endodontics,Apexification/recalcification - interim medication replacement,400,,400,0,,,,
NUL0101,Endodontics,"Apexification/recalcification - final visit (includes completed root canal therapy - apical closure/calcific repair of perforations, root resorption, etc.)",600,,600,0,,,,
NUL0102,Endodontics,Broken instrument retrieval,600,,600,0,,,,
NUL0103,Endodontics,Pulpal regeneration - initial visit,800,,800,0,,,,
NUL0104,Endodontics,Pulpal regeneration - interim medication replacement,400,,400,0,,,,
NUL0105,Endodontics,Pulpal regeneration - completion of treatment,1000,,1000,0,,,,
NUL0106,Surgery,Apicoectomy (each additional root),400,,400,0,,,,
NUL0107,Surgery,Periradicular surgery without apicoectomy,1000,,1000,0,,,,
NUL0108,Surgery,Retrograde filling - per root,400,,400,0,,,,
NUL0109,Surgery,Biologic materials to aid in soft and osseous tissue regeneration in conjunction with periradicular surgery,400,,400,0,,,,
NUL0110,Surgery,"Guided tissue regeneration, resorbable barrier, per site, in conjunction with periradicular surgery",700,,700,0,,,,
NUL0111,Surgery,Root amputation - per root,1200,,1200,0,,,,
NUL0112,Implant Dentistry,Intentional re-implantation (including necessary splinting),2000,,2000,0,,,,
NUL0113,Periodontics,Anatomical crown exposure - four or more contiguous teeth per quadrant,1500,,1500,0,,,,
NUL0114,Periodontics,Anatomical crown exposure - one to three teeth per quadrant,800,,800,0,,,,
NUL0115,Periodontics,"Gingival flap procedure, including root planing - four or more contiguous teeth or tooth bounded spaces per quadrant",1500,,1500,0,,,,
NUL0116,Periodontics,"Gingival flap procedure, including root planing - one to three contiguous teeth or tooth bounded spaces per quadrant",1200,,1200,0,,,,
NUL0117,Periodontics,Apically positioned flap,1000,,1000,0,,,,
NUL0118,Periodontics,Clinical crown lengthening - hard tissue,500,,500,0,,,,
NUL0119,Periodontics,Osseous surgery (including elevation of a full thickness flap and closure) - four or more contiguous teeth or tooth bounded spaces per quadrant,2000,,2000,0,,,,
NUL0120,Periodontics,Osseous surgery (including elevation of a full thickness flap and closure) - one to three contiguous teeth or tooth bounded spaces per quadrant,1500,,1500,0,,,,
NUL0121,Periodontics,Bone replacement graft - retained natural tooth - first site in quadrant,2500,,2500,0,,,,
NUL0122,Periodontics,Bone replacement graft - retained natural tooth - each additional site in quadrant,500,,500,0,,,,
NUL0123,Periodontics,Biologic materials to aid in soft and osseous tissue regeneration,500,,500,0,,,,
NUL0124,Periodontics,"Guided tissue regeneration - resorbable barrier, per site",700,,700,0,,,,
NUL0125,Periodontics,"Guided tissue regeneration - nonresorbable barrier, per site (includes membrane removal)",700,,700,0,,,,
NUL0126,Periodontics,"Surgical revision procedure, per tooth",2000,,2000,0,,,,
NUL0127,Periodontics,Pedicle soft tissue graft procedure,800,,800,0,,,,
NUL0128,Periodontics,"Autogenous connective tissue graft procedure (including donor and recipient surgical sites) first tooth,implant or edentulous tooth position in graft",2000,,2000,0,,,,
NUL0129,Periodontics,"Autogenous connective tissue graft procedure (including donor and recipient surgical sites) - each additional contiguous tooth, implant or edentulous tooth position in same graft site",500,,500,0,,,,
NUL0130,Periodontics,"Non-autogenous connective tissue graft (including recipient site and donor material) first tooth,implant, or edentulous tooth position in graft",2500,,2500,0,,,,
NUL0131,Periodontics,"Non-autogenous connective tissue graft (including recipient surgical site and donor material) - each additional contiguous tooth, implant, or edentulous tooth position in same graft site",500,,500,0,,,,
NUL0132,Periodontics,"Mesial/distal wedge procedure, single tooth (when not performed in conjunction with surgical procedures in the same anatomical area)",600,,600,0,,,,
NUL0133,Periodontics,"Combined connective tissue and double pedicle graft, per tooth",2500,,2500,0,,,,
NUL0134,Periodontics,"Free soft tissue graft procedure (including recipient and donor surgical sites) first tooth, implant or edentulous tooth position in graft",1200,,1200,0,,,,
NUL0135,Periodontics,"Free soft tissue graft procedure (including recipient and donor surgical sites) each additional contiguous tooth, implant or edentulous tooth position in same graft site",500,,500,0,,,,
NUL0136,Periodontics,Provisional splinting - intracoronal,500,,500,0,,,,
NUL0137,Periodontics,Periodontal root planing - four or more teeth per quadrant,700,,700,0,,,,
NUL0138,Periodontics,Periodontal root planing - one to three teeth per quadrant,500,,500,0,,,,
NUL0139,Periodontics,"Localized delivery of antimicrobial agents via controlled release vehicle into diseased crevicular tissue,per tooth",300,,300,0,,,,
NUL0140,Periodontics,Periodontal maintenance,600,,600,0,,,,
NUL0143,Prosthodontics,Complete denture - maxillary,2500,,2500,0,,,,
NUL0144,Prosthodontics,Complete denture - mandibular,2500,,2500,0,,,,
NUL0145,Prosthodontics,Immediate denture - maxillary,3000,,3000,0,,,,
NUL0146,Prosthodontics,Immediate denture - mandibular,3000,,3000,0,,,,
NUL0147,Prosthodontics,"Maxillary partial denture - resin base (including any conventional clasps, rests and single tooth)",700,,700,0,,,,
NUL0148,Prosthodontics,"Mandibular partial denture - resin base (including any conventional clasps, rests and single tooth)",700,,700,0,,,,
NUL0149,Prosthodontics,"Maxillary partial denture - cast metal framework with resin denture bases (including any conventional clasps, rests and one tooth)",2000,,2000,0,,,,
NUL0150,Prosthodontics,"Mandibular partial denture - cast metal framework with resin denture bases (including any conventional clasps, rests and one tooth)",2000,,2000,0,,,,
NUL0151,Prosthodontics,"Immediate maxillary partial denture - resin base (including any conventional clasps, rests and single tooth",1200,,1200,0,,,,
NUL0152,Prosthodontics,"Immediate mandibular partial denture - resin base (including any conventional clasps, rests and single tooth",1200,,1200,0,,,,
NUL0153,Prosthodontics,"Immediate maxillary partial denture - cast metal framework with resin denture bases (including any conventional clasps, rests and teeth)",3000,,3000,0,,,,
NUL0154,Prosthodontics,Additional tooth for partial denture,75,,75,0,,,,
NUL0155,Prosthodontics,"Immediate mandibular partial denture - cast metal framework with resin denture bases (including any conventional clasps, rests and teeth)",3000,,3000,0,,,,
NUL0156,Prosthodontics,"Maxillary partial denture - flexible base (including any clasps, rests and teeth)",2500,,2500,0,,,,
NUL0157,Prosthodontics,"Mandibular partial denture - flexible base (including any clasps, rests and teeth)",2500,,2500,0,,,,
NUL0158,Prosthodontics,Removable unilateral partial denture - one piece cast metal (including clasps and teeth),1800,,1800,0,,,,
NUL0159,Prosthodontics,Removable unilateral partial denture - resin base (including clasps and teeth),600,,600,0,,,,
NUL0160,Prosthodontics,Adjust complete denture - maxillary,250,,250,0,,,,
NUL0161,Prosthodontics,Adjust complete denture - mandibular,250,,250,0,,,,
NUL0162,Prosthodontics,Adjust partial denture - maxillary,250,,250,0,,,,
NUL0163,Prosthodontics,Adjust partial denture - mandibular,250,,250,0,,,,
NUL0164,Prosthodontics,Repair broken complete denture base - simple,400,,400,0,,,,
NUL0165,Prosthodontics,Repair broken complete denture base - difficult,700,,700,0,,,,
NUL0166,Prosthodontics,Replace missing or broken teeth - complete denture (each tooth),150,,150,0,,,,
NUL0167,Prosthodontics,Repair resin denture base - simple,300,,300,0,,,,
NUL0168,Prosthodontics,Repair resin denture base - difficult,600,,600,0,,,,
NUL0169,Prosthodontics,Repair cast framework,1000,,1000,0,,,,
NUL0170,Prosthodontics,Repair or replace broken clasp - per tooth,200,,200,0,,,,
NUL0171,Prosthodontics,Replace broken teeth - per tooth,150,,150,0,,,,
NUL0172,Prosthodontics,Add tooth to existing partial denture,150,,150,0,,,,
NUL0173,Prosthodontics,Add clasp to existing partial denture - per tooth,200,,200,0,,,,
NUL0174,Prosthodontics,Replace all teeth and acrylic on cast metal framework (maxillary),1500,,1500,0,,,,
NUL0175,Prosthodontics,Replace all teeth and acrylic on cast metal framework (mandibular),1500,,1500,0,,,,
NUL0176,Prosthodontics,Rebase complete maxillary denture,1000,,1000,0,,,,
NUL0177,Prosthodontics,Rebase complete mandibular denture,1000,,1000,0,,,,
NUL0178,Prosthodontics,Rebase maxillary partial denture,500,,500,0,,,,
NUL0179,Prosthodontics,Rebase mandibular partial denture,500,,500,0,,,,
NUL0180,Prosthodontics,Reline complete maxillary denture (chairside),400,,400,0,,,,
NUL0181,Prosthodontics,Reline complete mandibular denture (chairside),400,,400,0,,,,
NUL0182,Prosthodontics,Reline maxillary partial denture (chairside),300,,300,0,,,,
NUL0183,Prosthodontics,Reline mandibular partial denture (chairside),300,,300,0,,,,
NUL0184,Prosthodontics,Reline complete maxillary denture (laboratory),600,,600,0,,,,
NUL0185,Prosthodontics,Reline complete mandibular denture (laboratory),600,,600,0,,,,
NUL0186,Prosthodontics,Reline maxillary partial denture (laboratory),500,,500,0,,,,
NUL0187,Prosthodontics,Reline mandibular partial denture (laboratory),500,,500,0,,,,
NUL0188,Prosthodontics,"Tissue conditioning, maxillary",300,,300,0,,,,
NUL0189,Prosthodontics,"Tissue conditioning, mandibular",300,,300,0,,,,
NUL0190,Prosthodontics,Precision attachment,400,,400,0,,,,
NUL0191,Prosthodontics,Overdenture – complete maxillary,3000,,3000,0,,,,
NUL0192,Prosthodontics,Overdenture – partial maxillary,1800,,1800,0,,,,
NUL0193,Prosthodontics,Overdenture – complete mandibular,3000,,3000,0,,,,
NUL0194,Prosthodontics,Overdenture – partial mandibular,1800,,1800,0,,,,
NUL0195,Prosthodontics,Replacement of replaceable part of semi-precision or precision attachment (male or female component),500,,500,0,,,,
NUL0196,Prosthodontics,Modification of removable prosthesis following implant surgery,1000,,1000,0,,,,
NUL0197,Oral & Maxillofacial Surgery (OMFS),Adjust maxillofacial prosthetic appliance - simple,300,,300,0,,,,
NUL0198,Oral & Maxillofacial Surgery (OMFS),Adjust maxillofacial prosthetic appliance - difficult,500,,500,0,,,,
NUL0199,Oral & Maxillofacial Surgery (OMFS),Maintenance and cleaning of a maxillofacial prosthesis (extra- or intra-oral) other than required adjustments,500,,500,0,,,,
NUL0200,Oral & Maxillofacial Surgery (OMFS),Auricular prosthesis,15000,,15000,0,,,,
NUL0201,Oral & Maxillofacial Surgery (OMFS),"Auricular prosthesis, replacement",15000,,15000,0,,,,
NUL0202,Oral & Maxillofacial Surgery (OMFS),Commissure splint,1000,,1000,0,,,,
NUL0203,Oral & Maxillofacial Surgery (OMFS),Cranial prosthesis,5000,,5000,0,,,,
NUL0205,Oral & Maxillofacial Surgery (OMFS),Facial moulage (complete),2000,,2000,0,,,,
NUL0206,Oral & Maxillofacial Surgery (OMFS),Facial moulage (sectional),1500,,1500,0,,,,
NUL0207,Oral & Maxillofacial Surgery (OMFS),Facial prosthesis,20000,,20000,0,,,,
NUL0208,Oral & Maxillofacial Surgery (OMFS),"Facial prosthesis, replacement",15000,,15000,0,,,,
NUL0209,Oral & Maxillofacial Surgery (OMFS),Feeding aid,1200,,1200,0,,,,
NUL0210,Oral & Maxillofacial Surgery (OMFS),Mandibular resection prosthesis with guide flange,2000,,2000,0,,,,
NUL0211,Oral & Maxillofacial Surgery (OMFS),Mandibular resection prosthesis without guide flange,1500,,1500,0,,,,
NUL0212,Oral & Maxillofacial Surgery (OMFS),Nasal prosthesis,15000,,15000,0,,,,
NUL0213,Oral & Maxillofacial Surgery (OMFS),"Nasal prosthesis, replacement",10200,,10200,0,,,,
NUL0214,Oral & Maxillofacial Surgery (OMFS),Nasal septal prosthesis,15000,,15000,0,,,,
NUL0215,Oral & Maxillofacial Surgery (OMFS),"Obturator prosthesis, definitive",15000,,15000,0,,,,
NUL0216,Oral & Maxillofacial Surgery (OMFS),"Obturator prosthesis, interim",15000,,15000,0,,,,
NUL0221,Oral & Maxillofacial Surgery (OMFS),Orbital prosthesis,20000,,20000,0,,,,
NUL0222,Oral & Maxillofacial Surgery (OMFS),"Orbital prosthesis, replacement",10000,,10000,0,,,,
NUL0224,Oral & Maxillofacial Surgery (OMFS),"Palatal lift prosthesis, definitive",15000,,15000,0,,,,
NUL0225,Oral & Maxillofacial Surgery (OMFS),"Palatal lift prosthesis, interim",10000,,10000,0,,,,
NUL0226,Oral & Maxillofacial Surgery (OMFS),"Palatal lift prosthesis, modification",5000,,5000,0,,,,
NUL0229,Oral & Maxillofacial Surgery (OMFS),"Speech aid prosthesis, adult",10000,,10000,0,,,,
NUL0230,Oral & Maxillofacial Surgery (OMFS),"Speech aid prosthesis, modification",3000,,3000,0,,,,
NUL0231,Oral & Maxillofacial Surgery (OMFS),"Speech aid prosthesis, pediatric",7000,,7000,0,,,,
NUL0232,Oral & Maxillofacial Surgery (OMFS),Surgical splint,8000,,8000,0,,,,
NUL0233,Oral & Maxillofacial Surgery (OMFS),Surgical stent,5000,,5000,0,,,,
NUL0234,Oral & Maxillofacial Surgery (OMFS),Trismus appliance (not for TMD treatment),3000,,3000,0,,,,
NUL0235,Implant Dentistry,Surgical placement of implant body: Full surgical implant process simple,8500,,8500,0,,,,
NUL0236,Implant Dentistry,Surgical placement of implant body: Full surgical implant process moderate,10000,,10000,0,,,,
NUL0237,Implant Dentistry,Surgical placement of implant body: Full surgical implant process complicated,12000,,12000,0,,,,
NUL0238,Implant Dentistry,Surgical placement of mini implant simple,1500,,1500,0,,,,
NUL0239,Implant Dentistry,Surgical placement of mini implant complicated,2000,,2000,0,,,,
NUL0240,Implant Dentistry,Implant removal,3000,,3000,0,,,,
NUL0241,Implant Dentistry,"Debridement of a peri-implant defect or defects surrounding a single implant, and surface cleaning of the exposed implant surfaces, including flap entry and closure",2000,,2000,0,,,,
NUL0242,Implant Dentistry,"Debridement and osseous contouring of a peri-implant defect or defects surrounging a single implant and includes surface cleaning of the exposed implant surfaces, including flap entry and closure",2500,,2500,0,,,,
NUL0243,Implant Dentistry,"Implant maintenance procedures when prostheses are removed and reinserted, including cleansing of prostheses and abutments",600,,600,0,,,,
NUL0244,Implant Dentistry,"Scaling and debridement in the presence of inflammation or mucositis of a single implant, including cleaning of the implant surfaces, without flap entry and closure",400,,400,0,,,,
NUL0245,Implant Dentistry,Repair implant abutment,500,,500,0,,,,
NUL0246,Implant Dentistry,"Replacement of semi-precision or precision attachment (male or female component) of implant/abutment supported prosthesis, per attachment",500,,500,0,,,,
NUL0247,Implant Dentistry,Re-cement or re-bond implant/abutment supported crown,400,,400,0,,,,
NUL0248,Implant Dentistry,Re-cement or re-bond implant/abutment supported fixed partial denture,400,,400,0,,,,
NUL0249,Surgery,"Extraction, coronal remnants - deciduous tooth",700,,700,0,,,,
NUL0250,Surgery,"Extraction, erupted tooth or exposed root (elevation and/or forceps removal)",800,,800,0,,,,
NUL0251,Surgery,"Extraction, erupted tooth requiring removal of bone and/or sectioning of tooth, and including elevation of mucoperiosteal flap if indicated",1000,,1000,0,,,,
NUL0252,Surgery,Removal of impacted tooth - soft tissue,500,,500,0,,,,
NUL0253,Surgery,Removal of impacted tooth - partially bony,700,,700,0,,,,
NUL0254,Surgery,Removal of impacted tooth - completely bony,3500,,3500,0,,,,
NUL0255,Surgery,"Removal of impacted tooth - completely bony, with unusual surgical complications",4500,,4500,0,,,,
NUL0256,Surgery,Removal of residual tooth roots (cutting procedure),3000,,3000,0,,,,
NUL0257,Surgery,Coronectomy – intentional partial tooth removal,2000,,2000,0,,,,
NUL0258,Surgery,Oroantral fistula closure,1000,,1000,0,,,,
NUL0259,Surgery,Primary closure of a sinus perforation,700,,700,0,,,,
NUL0260,Implant Dentistry,Tooth reimplantation and/or stabilization of accidentally evulsed or displaced tooth,600,,600,0,,,,
NUL0261,Implant Dentistry,Tooth transplantation (includes re-implantation from one site to another and splinting and/or stabilization),3000,,3000,0,,,,
NUL0262,Surgery,Exposure of an unerupted tooth,500,,500,0,,,,
NUL0263,Surgery,Mobilization of erupted or malpositioned tooth to aid eruption,400,,400,0,,,,
NUL0264,Surgery,Placement of device to facilitate eruption of impacted tooth,700,,700,0,,,,
NUL0265,Surgery,"Incisional biopsy of oral tissue - hard (bone, tooth)",800,,800,0,,,,
NUL0266,Surgery,Exfoliative cytological sample collection,300,,300,0,,,,
NUL0267,Surgery,Brush biopsy - transepithelial sample collection,350,,350,0,,,,
NUL0268,Surgery,Surgical repositioning of teeth,1000,,1000,0,,,,
NUL0269,Surgery,"Transseptal fiberotomy/supra crestal fiberotomy, by report",300,,300,0,,,,
NUL0270,Surgery,Placement of temporary anchorage device [screw retained plate] requiring flap; includes device removal,800,,800,0,,,,
NUL0271,Surgery,Placement of temporary anchorage device requiring flap; includes device removal,500,,500,0,,,,
NUL0272,Surgery,Placement of temporary anchorage device without flap; includes device removal,300,,300,0,,,,
NUL0273,Surgery,Harvest of bone for use in autogenous grafting procedure,1000,,1000,0,,,,
NUL0274,Surgery,"Alveoloplasty in conjunction with extractions - four or more teeth or tooth spaces, per quadrant",300,,300,0,,,,
NUL0275,Surgery,"Alveoloplasty in conjunction with extractions - one to three teeth or tooth spaces, per quadrant",200,,200,0,,,,
NUL0276,Surgery,"Alveoloplasty not in conjunction with extractions - four or more teeth or tooth spaces, per quadrant",500,,500,0,,,,
NUL0277,Surgery,"Alveoloplasty not in conjunction with extractions - one to three teeth or tooth spaces, per quadrant",300,,300,0,,,,
NUL0278,Surgery,Vestibuloplasty - ridge extension (secondary epithelialization),1500,,1500,0,,,,
NUL0279,Oral & Maxillofacial Surgery (OMFS),"Vestibuloplasty - ridge extension (including soft tissue grafts, muscle reattachment, revision of soft tissue attachment and management of hypertrophied and hyperplastic tissue)",5000,,5000,0,,,,
NUL0280,Oral & Maxillofacial Surgery (OMFS),Excision of benign lesion up to 1.25 cm,1000,,1000,0,,,,
NUL0281,Oral & Maxillofacial Surgery (OMFS),Excision of benign lesion greater than 1.25 cm,1500,,1500,0,,,,
NUL0282,Oral & Maxillofacial Surgery (OMFS),"Excision of benign lesion, complicated",3000,,3000,0,,,,
NUL0283,Oral & Maxillofacial Surgery (OMFS),Excision of malignant lesion up to 1.25 cm,1500,,1500,0,,,,
NUL0284,Oral & Maxillofacial Surgery (OMFS),Excision of malignant lesion greater than 1.25 cm,4500,,4500,0,,,,
NUL0285,Oral & Maxillofacial Surgery (OMFS),"Excision of malignant lesion, complicated",10000,,10000,0,,,,
NUL0286,Oral & Maxillofacial Surgery (OMFS),"Destruction of lesion(s) by physical or chemical method, by report",3500,,3500,0,,,,
NUL0287,Oral & Maxillofacial Surgery (OMFS),Excision of malignant tumor - lesion diameter up to 1.25 cm,3500,,3500,0,,,,
NUL0288,Oral & Maxillofacial Surgery (OMFS),Excision of malignant tumor - lesion diameter greater than 1.25 cm,10000,,10000,0,,,,
NUL0289,Oral & Maxillofacial Surgery (OMFS),Removal of benign odontogenic cyst or tumor - lesion diameter up to 1.25 cm,1500,,1500,0,,,,
NUL0290,Oral & Maxillofacial Surgery (OMFS),Removal of benign odontogenic cyst or tumor - lesion diameter greater than 1.25 cm,3500,,3500,0,,,,
NUL0291,Oral & Maxillofacial Surgery (OMFS),Removal of benign nonodontogenic cyst or tumor - lesion diameter up to 1.25 cm,1500,,1500,0,,,,
NUL0292,Oral & Maxillofacial Surgery (OMFS),Removal of benign nonodontogenic cyst or tumor - lesion diameter greater than 1.25 cm,3500,,3500,0,,,,
NUL0293,Oral & Maxillofacial Surgery (OMFS),Removal of lateral exostosis (maxilla or mandible),1000,,1000,0,,,,
NUL0294,Oral & Maxillofacial Surgery (OMFS),Removal of torus palatinus,3500,,3500,0,,,,
NUL0295,Oral & Maxillofacial Surgery (OMFS),Removal of torus mandibularis,1500,,1500,0,,,,
NUL0296,Oral & Maxillofacial Surgery (OMFS),Reduction of osseous tuberosity,1500,,1500,0,,,,
NUL0297,Oral & Maxillofacial Surgery (OMFS),Radical resection of maxilla or mandible,15000,,15000,0,,,,
NUL0298,Oral & Maxillofacial Surgery (OMFS),Incision and drainage of abscess - intraoral soft tissue,500,,500,0,,,,
NUL0299,Oral & Maxillofacial Surgery (OMFS),Incision and drainage of abscess - intraoral soft tissue - complicated (includes drainage of multiple fascial spaces),1500,,1500,0,,,,
NUL0300,Oral & Maxillofacial Surgery (OMFS),Incision and drainage of abscess - extraoral soft tissue,1000,,1000,0,,,,
NUL0301,Oral & Maxillofacial Surgery (OMFS),Incision and drainage of abscess - extraoral soft tissue - complicated (includes drainage of multiple fascial spaces),2000,,2000,0,,,,
NUL0302,Oral & Maxillofacial Surgery (OMFS),"Removal of reaction producing foreign bodies, musculoskeletal system",1500,,1500,0,,,,
NUL0303,Oral & Maxillofacial Surgery (OMFS),Partial ostectomy/sequestrectomy for removal of non-vital bone,5000,,5000,0,,,,
NUL0304,Oral & Maxillofacial Surgery (OMFS),Maxillary sinusotomy for removal of tooth fragment or foreign body,5500,,5500,0,,,,
NUL0305,Oral & Maxillofacial Surgery (OMFS),"Maxilla - open reduction (teeth immobilized, if present)",10000,,10000,0,,,,
NUL0306,Oral & Maxillofacial Surgery (OMFS),"Maxilla - closed reduction (teeth immobilized, if present)",5000,,5000,0,,,,
NUL0307,Oral & Maxillofacial Surgery (OMFS),"Mandible - open reduction (teeth immobilized, if present)",10000,,10000,0,,,,
NUL0308,Oral & Maxillofacial Surgery (OMFS),"Mandible - closed reduction (teeth immobilized, if present)",7000,,7000,0,,,,
NUL0309,Oral & Maxillofacial Surgery (OMFS),Malar and/or zygomatic arch - open reduction,7000,,7000,0,,,,
NUL0310,Oral & Maxillofacial Surgery (OMFS),Malar and/or zygomatic arch - closed reduction,5000,,5000,0,,,,
NUL0311,Oral & Maxillofacial Surgery (OMFS),"Alveolus - closed reduction, may include stabilization of teeth",1000,,1000,0,,,,
NUL0312,Oral & Maxillofacial Surgery (OMFS),"Alveolus - open reduction, may include stabilization of teeth",1500,,1500,0,,,,
NUL0313,Oral & Maxillofacial Surgery (OMFS),Facial bones - complicated reduction with fixation and multiple surgical approaches,20000,,20000,0,,,,
NUL0314,Oral & Maxillofacial Surgery (OMFS),Maxilla - open reduction,10000,,10000,0,,,,
NUL0315,Oral & Maxillofacial Surgery (OMFS),Maxilla - closed reduction,7000,,7000,0,,,,
NUL0316,Oral & Maxillofacial Surgery (OMFS),Mandible - open reduction,15000,,15000,0,,,,
NUL0317,Oral & Maxillofacial Surgery (OMFS),Mandible - closed reduction,7000,,7000,0,,,,
NUL0318,Oral & Maxillofacial Surgery (OMFS),Malar and/or zygomatic arch - open reduction,10000,,10000,0,,,,
NUL0319,Oral & Maxillofacial Surgery (OMFS),Malar and/or zygomatic arch - closed reduction,7000,,7000,0,,,,
NUL0320,Oral & Maxillofacial Surgery (OMFS),Alveolus - open reduction stabilization of teeth,2000,,2000,0,,,,
NUL0321,Oral & Maxillofacial Surgery (OMFS),Alveolus - closed reduction stabilization of teeth,1500,,1500,0,,,,
NUL0322,Oral & Maxillofacial Surgery (OMFS),Facial bones - complicated reduction with fixation and multiple approaches,30000,,30000,0,,,,
NUL0323,Oral & Maxillofacial Surgery (OMFS),Open reduction of dislocation of Temporomandibular Joint,7000,,7000,0,,,,
NUL0324,Oral & Maxillofacial Surgery (OMFS),Closed reduction of dislocation of Temporomandibular Joint,1500,,1500,0,,,,
NUL0325,Oral & Maxillofacial Surgery (OMFS),Manipulation under anesthesia of Temporomandibular Joint,5000,,5000,0,,,,
NUL0326,Oral & Maxillofacial Surgery (OMFS),Condylectomy of Temporomandibular Joint,15000,,15000,0,,,,
NUL0327,Oral & Maxillofacial Surgery (OMFS),"Surgical discectomy, with/without implant of Temporomandibular Joint",12000,,12000,0,,,,
NUL0328,Oral & Maxillofacial Surgery (OMFS),Disc repair of Temporomandibular Joint,18000,,18000,0,,,,
NUL0329,Oral & Maxillofacial Surgery (OMFS),Synovectomy of Temporomandibular Joint,4500,,4500,0,,,,
NUL0330,Oral & Maxillofacial Surgery (OMFS),Myotomy of Temporomandibular Joint,10000,,10000,0,,,,
NUL0331,Oral & Maxillofacial Surgery (OMFS),Joint reconstruction of Temporomandibular Joint,25000,,25000,0,,,,
NUL0332,Oral & Maxillofacial Surgery (OMFS),Arthrotomy of Temporomandibular Joint,35000,,35000,0,,,,
NUL0333,Oral & Maxillofacial Surgery (OMFS),Arthroplasty of Temporomandibular Joint,15000,,15000,0,,,,
NUL0334,Oral & Maxillofacial Surgery (OMFS),Arthrocentesis of Temporomandibular Joint,7000,,7000,0,,,,
NUL0335,Oral & Maxillofacial Surgery (OMFS),Non-arthroscopic lysis and lavage of Temporomandibular Joint,5000,,5000,0,,,,
NUL0336,Oral & Maxillofacial Surgery (OMFS),"Arthroscopy - diagnosis, with or without biopsy - of Temporomandibular Joint",3500,,3500,0,,,,
NUL0337,Oral & Maxillofacial Surgery (OMFS),Arthroscopy: lavage and lysis of adhesions of Temporomandibular Joint,7000,,7000,0,,,,
NUL0338,Oral & Maxillofacial Surgery (OMFS),Arthroscopy: disc repositioning and stabilization of Temporomandibular Joint,8000,,8000,0,,,,
NUL0339,Oral & Maxillofacial Surgery (OMFS),Arthroscopy: synovectomy of Temporomandibular Joint,5000,,5000,0,,,,
NUL0340,Oral & Maxillofacial Surgery (OMFS),Arthroscopy: discectomy of Temporomandibular Joint,20000,,20000,0,,,,
NUL0341,Oral & Maxillofacial Surgery (OMFS),Arthroscopy: debridement of Temporomandibular Joint,10000,,10000,0,,,,
NUL0342,Oral & Maxillofacial Surgery (OMFS),"Occlusal orthotic device, of Temporomandibular Joint",3000,,3000,0,,,,
NUL0343,Oral & Maxillofacial Surgery (OMFS),Occlusal orthotic device adjustment of Temporomandibular Joint,300,,300,0,,,,
NUL0344,Oral & Maxillofacial Surgery (OMFS),Unspecified TMD therapy,3000,,3000,0,,,,
NUL0345,Oral & Maxillofacial Surgery (OMFS),"Skin graft (identify defect covered, location and type of graft)",70000,,70000,0,,,,
NUL0346,Oral & Maxillofacial Surgery (OMFS),Collection and application of autologous blood concentrate product,5000,,5000,0,,,,
NUL0347,Oral & Maxillofacial Surgery (OMFS),Osteoplasty - for orthognathic deformities,35000,,35000,0,,,,
NUL0348,Oral & Maxillofacial Surgery (OMFS),Osteotomy - mandibular rami,30000,,30000,0,,,,
NUL0349,Oral & Maxillofacial Surgery (OMFS),Osteotomy - mandibular rami with bone graft; includes obtaining the graft,40000,,40000,0,,,,
NUL0350,Oral & Maxillofacial Surgery (OMFS),Osteotomy - segmented or subapical,50000,,50000,0,,,,
NUL0351,Oral & Maxillofacial Surgery (OMFS),Osteotomy - body of mandible,55000,,55000,0,,,,
NUL0352,Oral & Maxillofacial Surgery (OMFS),LeFort I (maxilla - total),35000,,35000,0,,,,
NUL0353,Oral & Maxillofacial Surgery (OMFS),LeFort I (maxilla - segmented),27000,,27000,0,,,,
NUL0354,Oral & Maxillofacial Surgery (OMFS),LeFort II or LeFort III (osteoplasty of facial bones for midface hypoplasia or retrusion) - without bone graft,35000,,35000,0,,,,
NUL0355,Oral & Maxillofacial Surgery (OMFS),LeFort II or LeFort III - with bone graft,45000,,45000,0,,,,
NUL0356,Oral & Maxillofacial Surgery (OMFS),"Osseous, osteoperiosteal, or cartilage graft of the mandible or maxilla - autogenous or nonautogenous,by report",50000,,50000,0,,,,
NUL0357,Oral & Maxillofacial Surgery (OMFS),Sinus augmentation with bone or bone substitutes via a lateral open approach,18000,,18000,0,,,,
NUL0358,Oral & Maxillofacial Surgery (OMFS),Sinus augmentation via a vertical approach,7000,,7000,0,,,,
NUL0359,Oral & Maxillofacial Surgery (OMFS),Bone replacement graft for ridge preservation - per site,5000,,5000,0,,,,
NUL0360,Oral & Maxillofacial Surgery (OMFS),Repair of maxillofacial soft and/or hard tissue defect,7000,,7000,0,,,,
NUL0361,Oral & Maxillofacial Surgery (OMFS),Frenuloplasty,4000,,4000,0,,,,
NUL0362,Oral & Maxillofacial Surgery (OMFS),Excision of hyperplastic tissue - per arch,2000,,2000,0,,,,
NUL0363,Oral & Maxillofacial Surgery (OMFS),Excision of pericoronal gingiva,500,,500,0,,,,
NUL0364,Oral & Maxillofacial Surgery (OMFS),Surgical reduction of fibrous tuberosity,4500,,4500,0,,,,
NUL0365,Oral & Maxillofacial Surgery (OMFS),Sialolithotomy,5000,,5000,0,,,,
NUL0366,Oral & Maxillofacial Surgery (OMFS),"Excision of salivary gland, by report",15000,,15000,0,,,,
NUL0367,Oral & Maxillofacial Surgery (OMFS),Sialodochoplasty,20000,,20000,0,,,,
NUL0368,Oral & Maxillofacial Surgery (OMFS),Closure of salivary fistula,5000,,5000,0,,,,
NUL0369,Oral & Maxillofacial Surgery (OMFS),Emergency tracheotomy,15000,,15000,0,,,,
NUL0370,Oral & Maxillofacial Surgery (OMFS),Coronoidectomy,10000,,10000,0,,,,
NUL0371,Oral & Maxillofacial Surgery (OMFS),"Synthetic graft - mandible or facial bones, by report",7000,,7000,0,,,,
NUL0372,Implant Dentistry,"Implant-mandible for augmentation purposes (excluding alveolar ridge), by report",20000,,20000,0,,,,
NUL0373,Surgery,Unspecified oral surgery procedure,3000,,3000,0,,,,
NUL0374,Orthodontics,"Appliance removal (not by dentist who placed appliance), includes removal of archbar",700,,700,0,,,,
NUL0375,Orthodontics,Intraoral placement of a fixation device not in conjunction with a fracture,500,,500,0,,,,
NUL0376,Orthodontics,Limited orthodontic treatment of the primary dentition,3000,,3000,0,,,,
NUL0377,Orthodontics,Limited orthodontic treatment of the transitional dentition,3000,,3000,0,,,,
NUL0378,Orthodontics,Limited orthodontic treatment of the adolescent dentition,4000,,4000,0,,,,
NUL0379,Orthodontics,Limited orthodontic treatment of the adult dentition,4000,,4000,0,,,,
NUL0380,Orthodontics,Metallic braces class I fixation - per arch (simple case) ,3000,,3000,0,,,,
NUL0451,Orthodontics,Metallic braces class I fixation - per arch (complicated case),4000,,4000,0,,,,
NUL0381,Orthodontics,Metallic braces class II fixation - per arch (simple case),5000,,5000,0,,,,
NUL0452,Orthodontics,Metallic braces class II fixation - per arch (complicated case),6000,,6000,0,,,,
NUL0382,Orthodontics,Metallic braces class III fixation - per arch (simple case),5000,,5000,0,,,,
NUL0453,Orthodontics,Metallic braces class III fixation - per arch (complicated case),6000,,6000,0,,,,
NUL0383,Orthodontics,Ceramic braces class I fixation- per arch,5000,,5000,0,,,,
NUL0384,Orthodontics,Ceramic braces class II & III fixation- per arch,6500,,6500,0,,,,
NUL0385,Orthodontics,Ceramic Self Ligating braces fixation - per arch ,10000,,10000,0,,,,
NUL0454,Orthodontics,Metallic Self ligating braces fixation - per arch (class I),7000,,7000,0,,,,
NUL0455,Orthodontics,Metallic Self ligating braces fixation - per arch (class II & III),8000,,8000,0,,,,
NUL0386,Orthodontics,Orthodontic bonding charges simple - metallic,200,,200,0,,,,
NUL0387,Orthodontics,Orthodontic bonding charges advanced - metallic,250,,250,0,,,,
NUL0388,Orthodontics,Orthodontic bonding charges simple - ceramic,300,,300,0,,,,
NUL0389,Orthodontics,Orthodontic bonding charges advanced - ceramic,350,,350,0,,,,
NUL0390,Orthodontics,Debonding - per arch,500,,500,0,,,,
NUL0391,Orthodontics,Adjustment type 1 PLUS HOOK,100,,100,0,,,,
NUL0392,Orthodontics,Adjustment type 2,250,,250,0,,,,
NUL0393,Orthodontics,Adjustment type 3,300,,300,0,,,,
NUL0394,Orthodontics,Adjustment type 4,350,,350,0,,,,
NUL0456,Orthodontics,Adjustment type 5,400,,400,0,,,,
NUL0395,Orthodontics,Separator Placement Upper 4 nos,100,,100,0,,,,
NUL0396,Orthodontics,Separator Placement Lower 4 nos,100,,100,0,,,,
NUL0397,Orthodontics,Change elastic/e-chain,200,,200,0,,,,
NUL0457,Orthodontics,Orthodontic Wire per arch ,500,,500,0,,,,
NUL0398,Orthodontics,"Fixation of bands/tubes, Upper 2 nos",400,,400,0,,,,
NUL0399,Orthodontics,"Fixation of bands/tubes, Lower 2 nos",400,,400,0,,,,
NUL0400,Orthodontics,Fixed lingual retainer upper,900,,900,0,,,,
NUL0401,Orthodontics,Fixed lingual retainer lower,900,,900,0,,,,
NUL0402,Orthodontics,Repair of fixed retainer,300,,300,0,,,,
NUL0403,Orthodontics,Removable Retainer upper,800,,800,0,,,,
NUL0404,Orthodontics,Removable Retainer lower,800,,800,0,,,,
NUL0405,Orthodontics,Repair of removable retainer,300,,300,0,,,,
NUL0406,Orthodontics,Bracket re-fixing ,200,,200,0,,,,
NUL0407,Orthodontics,Bracket re-fixing difficult,400,,400,0,,,,
NUL0408,Orthodontics,Bracket replacement type 1,300,,300,0,,,,
NUL0409,Orthodontics,Bracket replacement type 2,500,,500,0,,,,
,Orthodontics,Bracket replacement type 3,700,,700,0,,,,
NUL0410,Orthodontics,Interceptive orthodontic treatment of the primary dentition - removable appliance,700,,700,0,,,,
NUL0411,Orthodontics,Interceptive orthodontic treatment of the transitional dentition - removable appliance,700,,700,0,,,,
NUL0412,Orthodontics,Additional spring,150,,150,0,,,,
NUL0413,Orthodontics,Additional feature,500,,500,0,,,,
NUL0414,Orthodontics,Adjustment of removable appliance simple,200,,200,0,,,,
NUL0415,Orthodontics,Adjustment of removable appliance complicated,300,,300,0,,,,
NUL0416,Orthodontics,Repair of orthodontic appliance simple,200,,200,0,,,,
NUL0417,Orthodontics,Repair of orthodontic appliance complicated,500,,500,0,,,,
NUL0418,Orthodontics,Removable appliance therapy,700,,700,0,,,,
NUL0419,Orthodontics,Fixed appliance therapy,1000,,1000,0,,,,
NUL0420,Orthodontics,Additional spring (open coil spring),300,,300,0,,,,
NUL0421,Orthodontics,Additional feature,250,,250,0,,,,
NUL0422,Orthodontics,Adjustment of appliance simple,200,,200,0,,,,
NUL0423,Orthodontics,Adjustment of appliance complicated,300,,300,0,,,,
NUL0424,Orthodontics,Repair of orthodontic appliance simple,200,,200,0,,,,
NUL0425,Orthodontics,Repair of orthodontic appliance complicated,500,,500,0,,,,
NUL0426,Orthodontics,Debonding of fixed appliance,200,,200,0,,,,
NUL0458,Orthodontics,Bond of buccal or lingual buttons ,300,,300,0,,,,
NUL0459,Orthodontics,Hard tissue contouring per tooth ,100,,100,0,,,,
NUL0460,Orthodontics,Elastics,90,,90,0,,,,
NUL0427,Orthodontics,Topical Anaesthesia (Spray),50,,50,0,,,,
NUL0428,Orthodontics,Topical Anaesthesia (Gel),50,,50,0,,,,
NUL0429,Consultation,House call,500,,500,0,,,,
NUL0430,Orthodontics,Application of desensitizing medicament,200,,200,0,,,,
NUL0431,Orthodontics,"Application of desensitizing resin for cervical and/or root surface, per tooth",50,,50,0,,,,
NUL0432,Orthodontics,"Cleaning and inspection of removable complete denture, maxillary",300,,300,0,,,,
NUL0433,Orthodontics,"Cleaning and inspection of removable complete denture, mandibular",300,,300,0,,,,
NUL0434,Orthodontics,"Cleaning and inspection of removable partial denture, maxillary",300,,300,0,,,,
NUL0435,Orthodontics,"Cleaning and inspection of removable partial denture, mandibular",300,,300,0,,,,
NUL0436,Orthodontics,Occlusal guard,500,,500,0,,,,
NUL0437,Orthodontics,Fabrication of athletic mouthguard,800,,800,0,,,,
NUL0438,Orthodontics,Repair and/or reline of occlusal guard,300,,300,0,,,,
NUL0439,Orthodontics,Occlusal guard adjustment,200,,200,0,,,,
NUL0440,Orthodontics,Occlusion analysis - mounted case,400,,400,0,,,,
NUL0441,Orthodontics,Occlusal adjustment - limited,200,,200,0,,,,
NUL0442,Orthodontics,Occlusal adjustment - complete,1000,,1000,0,,,,
NUL0443,Cosmetic Dentistry,Enamel microabrasion,200,,200,0,,,,
NUL0444,Cosmetic Dentistry,Odontoplasty 1-2 teeth; includes removal of enamel projections,50,,50,0,,,,
NUL0445,Cosmetic Dentistry,External bleaching - per arch - performed in office - simple,1500,,1500,0,,,,
NUL0446,Cosmetic Dentistry,External bleaching - per arch - performed in office - medium,2000,,2000,0,,,,
NUL0447,Cosmetic Dentistry,External bleaching - per arch - performed in office - advanced,2500,,2500,0,,,,
NUL0448,Cosmetic Dentistry,External bleaching - per tooth,500,,500,0,,,,
NUL0449,Cosmetic Dentistry,Internal bleaching - per tooth,500,,500,0,,,,
NUL0450,Cosmetic Dentistry,"External bleaching for home application, per arch; includes materials and fabrication of custom trays",1500,,1500,0,,,,
NUL0500,Restorative Dentistry,Fluoride treatment,1000,,1000,0,,,,
NUL1003,Oral & Maxillofacial Surgery (OMFS),Bone graft material,2500,,2500,0,,,,
NUL1005,Consumables,Consumable use,30,,30,0,,,,
NUL1000,Nursing Care,Nursing care,200,,200,0,,,,
NUL1001,Oral & Maxillofacial Surgery (OMFS),Nasal Bone Reduction,1500,,1500,0,,,,
NUL0461,Orthodontics,Orthodontic Wax,150,,150,0,,,,
NUL0462,Endodontics,Rubber Dam Isolation,150,,150,0,,,,
NUL0463,Endodontics,MTA partial pulpotomy,1200,,1200,0,,,,
NUL0464,Endodontics,MTA complete pulpotomy,1750,,1750,0,,,,
NUL0465,Endodontics,Removal of Post,500,,500,0,,,,
NUL0466,Endodontics,Root Canal Procedure through crown,750,,750,0,,,,
NUL0467,Endodontics,Negotiation of ledge,600,,600,0,,,,
NUL0468,Endodontics,Use of Ultrasonics,600,,600,0,,,,
NUL0469,Orthodontics,Chin cup use,400,,400,0,,,,
NUL0470,Orthodontics,Safety Modules,500,,500,0,,,,
NUL0471,Orthodontics,High pull head gear,800,,800,0,,,,
NUL0472,Endodontics,MTA Direct Pulpotomy,800,,800,0,,,,
NUL0473,Endodontics,MTA Indirect Pulpotomy,500,,500,0,,,,
AN0001,Anesthesia,General Anaesthesia - Mask,5500,350,5150,350,,,,
AN0003,Anesthesia,Local Anaesthesia,190,140,50,140,,,,
AN0008,Anesthesia,Examination Under GA,3500,400,3100,400,,,,
AN0010,Anesthesia,General Anaesthesia / Laryngeal Mask Airway,5000,2395,2605,2395,,,,
AN0012,Anesthesia,Intravenous Sedation,3000,1352,1648,1352,,,,
CON0002,Consultation,Specialist Consultation (OPD) - Junior,400,100,300,100,,,,
CON0008,Consultation,Dental Consultation,200,100,100,100,,,,
CON0009,Consultation,Specialist Consultation (OPD) - Senior,500,100,400,100,,,,
CT0076,Diagnostic & Radiology,Facial Bone,750,750,0,750,,,,
DE0001,Surgery,Dry Socket Dressing,200,85,115,85,,,,
DE0006,Restorative Dentistry,Glass Ionomer Cement - Class 5,400,200,200,200,,,,
DE0009,Restorative Dentistry,Amalgam Class 2,300,150,150,150,,,,
DE0015,Restorative Dentistry,Glass Ionomer Cement - Class 2,575,225,350,225,,,,
DE0018,Restorative Dentistry,Composite Class 3,525,225,300,225,,,,
DE0019,Restorative Dentistry,Composite Class 4,770,270,500,270,,,,
DE0020,Restorative Dentistry,Composite Class 1,475,225,250,225,,,,
DE0021,Restorative Dentistry,Amalgam Class 1,400,100,300,100,,,,
DE0022,Endodontics,Anterior Tooth RCT - Obturation,800,250,550,250,,,,
DE0023,Endodontics,Anterior Tooth RCT - Biomechanical Preparation,700,200,500,200,,,,
DE0024,Endodontics,Anterior tooth RCT- Access opening,500,100,400,100,,,,
DE0025,Restorative Dentistry,Composite Class 2,570,270,300,270,,,,
DE0026,Restorative Dentistry,Fissure Sealant (Per Tooth),200,175,25,175,,,,
DE0027,Restorative Dentistry,Glass Ionomer Cement - Class 1,475,175,300,175,,,,
DE0028,Restorative Dentistry,Glass Ionomer Cement - Class 3,500,200,300,200,,,,
DE0029,Restorative Dentistry,Glass Ionomer Cement - MOD,550,250,300,250,,,,
DE0030,Restorative Dentistry,Glass Ionomer Cement + composite class-1,700,240,460,240,,,,
DE0031,Restorative Dentistry,Glass Ionomer Cement+composite class-2,820,375,445,375,,,,
DE0032,Restorative Dentistry,Glass Ionomer Cement+composite class-3,820,350,470,350,,,,
DE0033,Restorative Dentistry,Glass Ionomer Cement+composite class-4,930,275,655,275,,,,
DE0034,Restorative Dentistry,Glass Ionomer Cement+composite class-5,700,250,450,250,,,,
DE0035,Restorative Dentistry,Glass Ionomer Cement+composite MOD,1200,400,800,400,,,,
DE0036,Endodontics,Molar RCT - Obturation,1030,350,680,350,,,,
DE0037,Endodontics,Molar RCT- Access opening,600,150,450,150,,,,
DE0038,Endodontics,Molar RCT - Biomechanical preparation,800,250,550,250,,,,
DE0039,Endodontics,Premolar RCT - Obturation,800,300,500,300,,,,
DE0040,Endodontics,Premolar RCT- Access opening,575,125,450,125,,,,
DE0041,Endodontics,Premolar RCT - Biomechanical preparation,775,225,550,225,,,,
DE0042,Endodontics,RCT - Additional Visits,200,95,105,95,,,,
DE0051,Diagnostic & Radiology,OPG,300,70,230,70,,,,
DE0052,Restorative Dentistry,Composite Class 5,820,270,550,270,,,,
DE0058,Surgery,Extraction of Peridontally weakened teeth,295,95,200,95,,,,
DE0059,Surgery,Extraction of Anterior Tooth (upper or lower),500,150,350,150,,,,
DE0060,Surgery,Extraction of Premolar Tooth (upper or lower),600,200,400,200,,,,
DE0061,Surgery,Extraction of Lower Molar,650,250,400,250,,,,
DE0062,Surgery,Extraction of Upper Molar,675,275,400,275,,,,
DE0063,Surgery,Extraction of Molar with Root sectioning,750,350,400,350,,,,
DE0064,Surgery,Surgical extraction of Impacted 3rd molars,1150,500,650,500,,,,
DE0065,Surgery,Surgical extraction of impacted lower 3rd molar without bone removal,1150,400,750,400,,,,
DE0066,Surgery,Surgical extraction of vertically impacted lower 3rd Molar,1150,450,700,450,,,,
DE0067,Surgery,Surgical extraction of horizontally impacted lower 3rd molar,2300,500,1800,500,,,,
DE0068,Surgery,Surgical Extraction of disto angular impacted lower 3rd molar,2300,525,1775,525,,,,
DE0069,Surgery,Surgical Extraction of completely impacted lower 3rd Molar,2300,550,1750,550,,,,
DE0070,Surgery,Surgical Extraction of completely submerged tooth(includes Suturing),2300,550,1750,550,,,,
DE0071,Pediatric Dentistry,Pulpotomy,500,200,300,200,,,,
DE0072,Pediatric Dentistry,Pulpectomy,600,300,300,300,,,,
DE0073,Surgery,Extraction (simple),200,95,105,95,,,,
DE0074,Surgery,Extraction of Deciduous Teeth,600,150,450,150,,,,
DE0075,Diagnostic & Radiology,Intraoral Periapical Radiograph,150,70,80,70,,,,
DE0076,Restorative Dentistry,Amalgam MOD,600,175,425,175,,,,
DE0077,Restorative Dentistry,Temporary Filling,225,50,175,50,,,,
DE0078,Endodontics,Re-RCT -Premolar,1400,750,650,750,,,,
DE0079,Surgery,Surgical Extraction of Anterior Under LA,1000,300,700,300,,,,
DE0080,Surgery,Surgical Extration of Premolar Under LA,835,335,500,335,,,,
DE0081,Surgery,Surgical Extraction of Molar Under LA,1150,400,750,400,,,,
DE0082,Periodontics,Gingivectomy,1000,400,600,400,,,,
DE0083,Restorative Dentistry,Amalgam,400,150,250,150,,,,
DE0084,Restorative Dentistry,Composite,500,200,300,200,,,,
DE0085,Restorative Dentistry,GIC,400,250,150,250,,,,
DE0086,Restorative Dentistry,Composite MOD,700,300,400,300,,,,
DE0088,Endodontics,Re-RCT- Anterior,1000,550,450,550,,,,
DE0089,Endodontics,Re-RCT-Molar,1600,850,750,850,,,,
DE0090,Diagnostic & Radiology,Bitewing Radiograph,150,70,80,70,,,,
DE0091,Diagnostic & Radiology,Digital Radiograph,150,70,80,70,,,,
DE0092,Diagnostic & Radiology,Occlusal Radiograph,200,80,120,80,,,,
DE0093,Restorative Dentistry,Addition To Fs - Class 1,300,150,150,150,,,,
DE0094,Restorative Dentistry,Addition To Old Fillings - Class 2,330,180,150,180,,,,
DE0095,Restorative Dentistry,Addition To Old Fillings - More Than Two Surfaces,380,180,200,180,,,,
DE0096,Restorative Dentistry,Glass Ionomer Cement - Class 1,600,200,400,200,,,,
DE0099,Restorative Dentistry,Amalgam  Class 1 Large (>2 Capsules),500,255,245,255,,,,
DE0100,Diagnostic & Radiology,Upper Oblique Occlusal Radiograph,150,80,70,80,,,,
DE0101,Diagnostic & Radiology,Vertex Occlusal Radiograph,150,80,70,80,,,,
DE0102,Diagnostic & Radiology,Lower 90 Occlusal Radiograph,150,80,70,80,,,,
DE0103,Diagnostic & Radiology,Lower 45 Occlusal Radiographs,150,40,110,40,,,,
DE0104,Diagnostic & Radiology,Lower Oblique Occlusal Radiographs,150,40,110,40,,,,
DE0107,Restorative Dentistry,Glass Ionomer Cement - Class 4,500,200,300,200,,,,
DE0108,Pediatric Dentistry,Pulpectomy (Anterior),600,300,300,300,,,,
MFS003,Oral & Maxillofacial Surgery (OMFS),Revision Of Lip Repair,5000,1200,3800,1200,,,,
MFS005,Oral & Maxillofacial Surgery (OMFS),Redresation of Mucosa (mouth),3500,3100,400,3100,,,,
ORS113,Oral & Maxillofacial Surgery (OMFS),Fracture Maxilla IMF,3000,1500,1500,1500,,,,
ORS115,Oral & Maxillofacial Surgery (OMFS),Fracture Zygoma Elevation,5000,1500,3500,1500,,,,
OS0001,Oral & Maxillofacial Surgery (OMFS),Alveolar Fracture Wiring - per arch,1500,500,1000,500,,,,
OS0002,Surgery,Apicectomy (per tooth),1200,0,1200,0,,,,
OS0003,Surgery,Excision of Simple/ Benign Growths in the oral cavity,520,350,170,350,,,,
OS0004,Oral & Maxillofacial Surgery (OMFS),frenectomy,1000,400,600,400,,,,
OS0006,Oral & Maxillofacial Surgery (OMFS),Incisional Biopsy in the oral cavity,500,200,300,200,,,,
OS0007,Oral & Maxillofacial Surgery (OMFS),Mandibular Wiring,1500,550,950,550,,,,
OS0008,Oral & Maxillofacial Surgery (OMFS),Maxillary Wiring,1500,550,950,550,,,,
OS0009,Surgery,Excision mucosa / (include Suturing),550,300,250,300,,,,
OS0011,Surgery,Suturing - (Upto-3 stiches),250,150,100,150,,,,
OS0012,Surgery,Extraction of Single Tooth under GA,1030,740,290,740,,,,
OS0013,Surgery,Extraction Additional Tooth - Under GA,720,195,525,195,,,,
OS0014,Surgery,Surgical Extraction of Single Tooth Under GA,1800,255,1545,255,,,,
OS0015,Surgery,Surgical Extraction - Additional Tooth under GA,720,325,395,325,,,,
OS0016,Surgery,Surical Extraction of Impacted Tooth under GA,2200,1040,1160,1040,,,,
OS0017,Surgery,Surgical Extraction Impacted -Additional Tooth,1200,455,745,455,,,,
OS0018,Surgery,Surgical Removal Of Cyst under GA,9000,400,8600,400,,,,
OS0019,Surgery,Surgical Removal Of Granuloma under GA,8000,335,7665,335,,,,
OS0021,Periodontics,"Curettage, Simple",200,75,125,75,,,,
OS0022,Periodontics,"Curettage, Difficult",100,100,0,100,,,,
OS0023,Surgery,Other Minor Surgical Procedures,200,35,165,35,,,,
OS0024,Restorative Dentistry,Splinting ( Per Tooth ),280,30,250,30,,,,
OS0025,Surgery,Surgical Removal Of Fibroepithelial Polyp,720,100,620,100,,,,
OS0026,Oral & Maxillofacial Surgery (OMFS),Intermaxillary Fixation,700,300,400,300,,,,
OS0028,Oral & Maxillofacial Surgery (OMFS),Bone Grafting under GA,1500,1400,100,1400,,,,
OS0031,Periodontics,Gingivoplasty,600,450,150,450,,,,
OS0032,Surgery,Excision of Hemangioma under LA,1000,350,650,350,,,,
OS0033,Surgery,Hemostasis,310,150,160,150,,,,
OS0034,Surgery,Mucocele / Ranula Enucleation,1500,530,970,530,,,,
OS0035,Periodontics,Periodontal Bone Grafting under LA,5000,935,4065,935,,,,
S0012,Surgery,Abcsess Incision And Drainage (I&D) Under GA,2000,750,1250,750,,,,
S0015,Surgery,Incision And Drainage (Large) > 60 min,1000,200,800,200,,,,
S0023,Surgery,Intralesional Steroid Injection,500,,500,0,,,,
S0051,Surgery,Foreign Body Removal ( Normal / LA ),500,265,235,265,,,,
S0069,Surgery,Suturing 31+ Stiches GA,1500,850,650,850,,,,
S0071,Surgery,Suturing 11-30 Stitches GA,1000,680,320,680,,,,
S0086,Surgery,Suturing 11-30 Stitches LA - third degree,2000,200,1800,200,,,,
S0107,Surgery,Suturing 31+ Stitches LA,300,300,0,300,,,,
S0138,Surgery,Suture removal (small),65,45,20,45,,,,
S0147,Surgery,Cyst Excision (Large),2000,230,1770,230,,,,
S0171,Surgery,Sebaceous Cyst Excision (excison of lesions of skin and subcutaneous tissues) <30min,700,275,425,275,,,,
S0172,Surgery,Sebaceous Cyst Excision (excison of lesions of skin and subcutaneous tissues of 30-60min),3000,325,2675,325,,,,
S0173,Surgery,Sebaceous Cyst Excision (excison of lesions of skin and subcutaneous tissues) >60min,5000,465,4535,465,,,,
S0177,Surgery,"Excision Of Fibroma,Lipoma,Papilomaexcison of lesions of skin and subcutanoues tissues) <30min",7000,275,6725,275,,,,
S0178,Surgery,"Excision Of Fibroma,Lipoma,Papilloma (excison of lesions of skin and subcutanoues tissues of 30-60min)",3500,325,3175,325,,,,
S0186,Surgery,Foreign Body Removal ( minor procedure) <30min,700,275,425,275,,,,
S0187,Surgery,Foreign Body Removal ( minor procedure) between 30,1000,325,675,325,,,,
S0188,Surgery,Foreign Body Removal ( minor procedure) >60min,1500,465,1035,465,,,,
PR001,Products,KIN Gingival Mouthwash 250ml,80,,80,0,,,,
PR002,Products,KIN Gingival Toothpaste 75ml,60,,60,0,,,,
PR003,Products,KIN Sensikin Mouthwash 250ml,80,,80,0,,,,
PR004,Products,KIN Sensikin Toothpaste 75ml,70,,70,0,,,,
PR005,Products,KIN Sensikin Gel 15ml,60,,60,0,,,,
PR006,Products,KIN Periokin Gel 30ml,70,,70,0,,,,
PR007,Products,KIN Orthokin Strawberry Mouthwash 500ml,120,,120,0,,,,
PR008,Products,KIN Whitening Toothpaste 75ml,50,,50,0,,,,
PR009,Products,KIN Oralkin Zero Mouthwash 250ml,65,,65,0,,,,
PR010,Products,KIN Baby Teething Gel 30ml,65,,65,0,,,,
PR011,Products,KIN Microprox Interdental Brush 0.9mm,100,,100,0,,,,
PR012,Products,KIN Miniprox InterDental Brush 1.1mm,100,,100,0,,,,
PR013,Products,KIN Infantil Toothbrush [130300218],38,,38,0,,,,
PR014,Products,KIN Junior Toothbrush,38,,38,0,,,,
PR015,Products,KIN Adult Soft Toothbrush,30,,30,0,,,,
PR016,Products,KIN Adult Medium Toothbrush,30,,30,0,,,,
PR017,Products,KIN Adult Hard Toothbrush,30,,30,0,,,,
PR018,Products,KIN Sensitive Gum Toothbrush,40,,40,0,,,,
PR019,Products,Fluorkin Junior Strawberry Gel 75ml [120120085],50,,50,0,,,,
PR020,Products,Fluorkin Cola Toothpaste 75ml [120120092],50,,50,0,,,,
PR021,Products,Kin Junior Mild Mint Toothpaste 75+25ml [120470081],60,,60,0,,,,
PR022,Products,Fluorkin Child Toothpaste 75+25ml [120120022],60,,60,0,,,,
PR023,Products,Fluorkin Child Strawberry Toothpaste 50ml [120120010],40,,40,0,,,,
PR024,Products,Fluorkin Child Strawberry Mouthwash 500ml [120120506],75,,75,0,,,,
PR025,Products,Kin Electric Toothbrush [130300400],760,,760,0,,,,
PR026,Products,Kin Electric Toothbrush Total Clean Spare [130300402],210,,210,0,,,,
PRO27,Products,Kin Electric Toothbrush Sensitive Spare [130300401],210,,210,0,,,,
PR028,Products,Kin Orthodontic Toothbrush [130300644],50,,50,0,,,,
PR029,Products,Kin Care Gel 15ml [120420004],80,,80,0,,,,
PR030,Products,Kin B5 Mouthwash 500ml [120540504],115,,115,0,,,,
PR031,Products,Kin B5 Toothpaste 125ml [120540127],80,,80,0,,,,
PR032,Products,Periokin Spray 40ml [120150032],100,,100,0,,,,
PR033,Products,MIRADENT PIC-BRUSH INTRO KIT INTERDENTAL BRUSH HOLDER WITH 4, 90.00 ,, 90.00 , -   ,,,,
PR034,Products,"MIRADENT I-PROX PPOINTED BRUSH, TRANSPARENT BLUE INCLUDING 4", 85.00 ,, 85.00 , -   ,,,,
PR035,Products,"ZAHNPICKTOOTHPICK, WHITE, 30 PCS.", 60.00 ,, 60.00 , -   ,,,,
PR036,Products,"MIRADENT MIRAFLOSS CHX-TAPEDENTAL CHX-TAPE, 20 M", 65.00 ,, 65.00 , -   ,,,,
PR037,Products,"MIRADENT MIRAFLOSS IMPLANT CHXFLOSS FIBERS MEDIUM, TURQUOISE", 120.00 ,, 120.00 , -   ,,,,
PR038,Products,MIRADENT PROSONIC MICRO 2TOOTHBRUSH WITH TONGUE SCRAPER, 300.00 ,, 300.00 , -   ,,,,
PR039,Products,CAREBRUSH® ORTHO, 50.00 ,, 50.00 , -   ,,,,
PR040,Products,"MIRADENT XYLITOL DROPSDISPENSER BOX, ASSORTED W/ 100 DROPS", 300.00 ,, 300.00 , -   ,,,,
PR041,Products,"MIRADENT XYLITOL CHEWING GUM DISPLAYCHEWING GUM, ASSORTED 6", 75.00 ,, 75.00 , -   ,,,,
PR042,Products,"MIRADENT MIRAWHITE SHINE 1,8 MLTOOTH WHITENING DISPLAY, 6 PC", 600.00 ,, 600.00 , -   ,,,,
PR043,Products,"MIRADENT XYLIPOP LOLLIDENTAL CARE LOLLIPOP, STRAWBERRY, 50 X", 500.00 ,, 500.00 , -   ,,,,
PR044,Products,"MIRADENT HALITOSIS SPRAY DISPLAYSPRAY, 12 X 15 ML", 100.00 ,, 100.00 , -   ,,,,
PR045,Products,KIN Dental Floss [130300802], 35.00 ,, 35.00 , -   ,,,,
NUL1169,Prosthodontics,Crown Removal,500,,500,0,,,,
,,,,,,,,,,
,,,,,,,,,,
,,,,,,,,,,
,,,,,,,,,,
,,,,,,,,,,
,,,,,,,,,,
,,,,,,,,,,
,,,,,,,,,,
,,,,,,,,,,
,,,,,,,,,,
,,,,,,,,,,
,,,,,,,,,,
,,,,,,,,,,
,,,,,,,,,,
,,,,,,,,,,
,,,,,,,,,,
,,,,,,,,,,
,,,,,,,,,,
,,,,,,,,,,
,,,,,,,,,,
,,,,,,,,,,
,,,,,,,,,,
,,,,,,,,,,
,,,,,,,,,,
,,,,,,,,,,
,,,,,,,,,,
,,,,,,,,,,
,,,,,,,,,,
,,,,,,,,,,
,,,,,,,,,,
,,,,,,,,,,
,,,,,,,,,,
,,,,,,,,,,
,,,,,,,,,,
,,,,,,,,,,
,,,,,,,,,,
,,,,,,,,,,
,,,,,,,,,,
,,,,,,,,,,
,,,,,,,,,,
,,,,,,,,,,
,,,,,,,,,,
,,,,,,,,,,
,,,,,,,,,,
,,,,,,,,,,
,,,,,,,,,,
,,,,,,,,,,
,,,,,,,,,,
,,,,,,,,,,
,,,,,,,,,,
,,,,,,,,,,
,,,,,,,,,,
,,,,,,,,,,
,,,,,,,,,,
,,,,,,,,,,
,,,,,,,,,,
,,,,,,,,,,
,,,,,,,,,,
,,,,,,,,,,
,,,,,,,,,,
,,,,,,,,,,
,,,,,,,,,,
,,,,,,,,,,
,,,,,,,,,,
,,,,,,,,,,
,,,,,,,,,,
,,,,,,,,,,
,,,,,,,,,,
,,,,,,,,,,
,,,,,,,,,,
,,,,,,,,,,
,,,,,,,,,,
,,,,,,,,,,
,,,,,,,,,,
,,,,,,,,,,
,,,,,,,,,,
,,,,,,,,,,
,,,,,,,,,,
,,,,,,,,,,
,,,,,,,,,,
,,,,,,,,,,
,,,,,,,,,,
,,,,,,,,,,
,,,,,,,,,,
,,,,,,,,,,
,,,,,,,,,,
,,,,,,,,,,
,,,,,,,,,,
,,,,,,,,,,
,,,,,,,,,,
,,,,,,,,,,
,,,,,,,,,,
,,,,,,,,,,
,,,,,,,,,,
,,,,,,,,,,
,,,,,,,,,,
,,,,,,,,,,
,,,,,,,,,,
,,,,,,,,,,
,,,,,,,,,,
,,,,,,,,,,
,,,,,,,,,,
,,,,,,,,,,
,,,,,,,,,,
,,,,,,,,,,
,,,,,,,,,,
,,,,,,,,,,
,,,,,,,,,,
,,,,,,,,,,
,,,,,,,,,,
,,,,,,,,,,
,,,,,,,,,,
,,,,,,,,,,
,,,,,,,,,,
,,,,,,,,,,
,,,,,,,,,,
,,,,,,,,,,
,,,,,,,,,,
,,,,,,,,,,
,,,,,,,,,,
,,,,,,,,,,
,,,,,,,,,,
,,,,,,,,,,
,,,,,,,,,,
,,,,,,,,,,
,,,,,,,,,,
,,,,,,,,,,
,,,,,,,,,,
,,,,,,,,,,
,,,,,,,,,,
,,,,,,,,,,
,,,,,,,,,,
,,,,,,,,,,
,,,,,,,,,,
,,,,,,,,,,
,,,,,,,,,,
,,,,,,,,,,
,,,,,,,,,,
,,,,,,,,,,
,,,,,,,,,,
,,,,,,,,,,
,,,,,,,,,,
,,,,,,,,,,
,,,,,,,,,,
,,,,,,,,,,
,,,,,,,,,,
,,,,,,,,,,
,,,,,,,,,,
,,,,,,,,,,
,,,,,,,,,,
,,,,,,,,,,
,,,,,,,,,,
,,,,,,,,,,
,,,,,,,,,,
,,,,,,,,,,
,,,,,,,,,,
,,,,,,,,,,
,,,,,,,,,,
,,,,,,,,,,
,,,,,,,,,,
,,,,,,,,,,
,,,,,,,,,,
,,,,,,,,,,
,,,,,,,,,,
,,,,,,,,,,
,,,,,,,,,,
,,,,,,,,,,
,,,,,,,,,,
,,,,,,,,,,
,,,,,,,,,,
,,,,,,,,,,
,,,,,,,,,,
,,,,,,,,,,
,,,,,,,,,,
,,,,,,,,,,
,,,,,,,,,,
,,,,,,,,,,
,,,,,,,,,,
,,,,,,,,,,
,,,,,,,,,,
,,,,,,,,,,
,,,,,,,,,,
,,,,,,,,,,
,,,,,,,,,,
,,,,,,,,,,
,,,,,,,,,,
,,,,,,,,,,
,,,,,,,,,,
,,,,,,,,,,
,,,,,,,,,,
,,,,,,,,,,
,,,,,,,,,,
,,,,,,,,,,
,,,,,,,,,,
,,,,,,,,,,
,,,,,,,,,,
,,,,,,,,,,
,,,,,,,,,,
,,,,,,,,,,
,,,,,,,,,,
,,,,,,,,,,
,,,,,,,,,,
,,,,,,,,,,
,,,,,,,,,,
,,,,,,,,,,
,,,,,,,,,,
,,,,,,,,,,
,,,,,,,,,,
,,,,,,,,,,
,,,,,,,,,,
,,,,,,,,,,
,,,,,,,,,,
,,,,,,,,,,
,,,,,,,,,,
,,,,,,,,,,
,,,,,,,,,,
,,,,,,,,,,
,,,,,,,,,,
,,,,,,,,,,
,,,,,,,,,,
,,,,,,,,,,
,,,,,,,,,,
,,,,,,,,,,
,,,,,,,,,,
,,,,,,,,,,
,,,,,,,,,,
,,,,,,,,,,
,,,,,,,,,,
,,,,,,,,,,
,,,,,,,,,,
,,,,,,,,,,
,,,,,,,,,,
,,,,,,,,,,
,,,,,,,,,,
,,,,,,,,,,
,,,,,,,,,,
,,,,,,,,,,
,,,,,,,,,,
,,,,,,,,,,
,,,,,,,,,,
,,,,,,,,,,
,,,,,,,,,,
,,,,,,,,,,
,,,,,,,,,,
,,,,,,,,,,
,,,,,,,,,,
,,,,,,,,,,
,,,,,,,,,,
,,,,,,,,,,
,,,,,,,,,,
,,,,,,,,,,
,,,,,,,,,,
,,,,,,,,,,
,,,,,,,,,,
,,,,,,,,,,
,,,,,,,,,,
,,,,,,,,,,
,,,,,,,,,,
,,,,,,,,,,
,,,,,,,,,,
,,,,,,,,,,
,,,,,,,,,,
,,,,,,,,,,
,,,,,,,,,,
,,,,,,,,,,
,,,,,,,,,,
,,,,,,,,,,
,,,,,,,,,,
,,,,,,,,,,
,,,,,,,,,,
,,,,,,,,,,
